<?xml version="1.0" encoding="utf-8"?>
<Defs>
    <!-- - - - - - - - - - -  - - -  - - -->
    <!-- Compact nutrient paste dispenser -->
    <!-- - - - - - - - - - -  - - -  - - -->
    <ThingDef ParentName="BuildingBase">
        <defName>COMIGO_CompactNutrientPasteDispenser</defName>
        <label>compact nutrient paste dispenser</label>
        <description>A machine that synthesizes edible nutrient paste from organic feedstocks placed in adjacent hoppers. It consumes less ingredients and time than any other meal production method - but nobody likes eating nutrient paste. This is an improved model that occupies much, much less space.</description>
        <thingClass>Building_NutrientPasteDispenser</thingClass>
        <graphicData>
            <texPath>Things/Building/Production/SmallNutrientDispenser</texPath>
            <graphicClass>Graphic_Single</graphicClass>
            <drawSize>(2,2)</drawSize>
            <damageData>
                <rect>(0.02,0.25,2.96,2.85)</rect>
                <cornerTL>Damage/Corner</cornerTL>
                <cornerTR>Damage/Corner</cornerTR>
            </damageData>
        </graphicData>
        <altitudeLayer>Building</altitudeLayer>
        <passability>Impassable</passability>
        <blockWind>true</blockWind>
        <fillPercent>1</fillPercent>
        <castEdgeShadows>true</castEdgeShadows>
        <staticSunShadowHeight>0.20</staticSunShadowHeight>
        <statBases>
            <WorkToBuild>4000</WorkToBuild>
            <MaxHitPoints>250</MaxHitPoints>
            <Flammability>0.5</Flammability>
        </statBases>
        <building>
            <isMealSource>true</isMealSource>
            <wantsHopperAdjacent>true</wantsHopperAdjacent>
            <nutritionCostPerDispense>0.3</nutritionCostPerDispense>
            <soundDispense>DispensePaste</soundDispense>
            <forceShowRoomStats>true</forceShowRoomStats>
            <buildingTags>
                <li>Production</li>
            </buildingTags>
            <destroySound>BuildingDestroyed_Metal_Big</destroySound>
        </building>
        <comps>
            <li Class="CompProperties_Power">
                <compClass>CompPowerTrader</compClass>
                <basePowerConsumption>200</basePowerConsumption>
            </li>
            <li Class="CompProperties_Flickable" />
            <li Class="CompProperties_Breakdownable" />
        </comps>
        <size>(2,2)</size>
        <costList>
            <Steel>70</Steel>
            <ComponentIndustrial>5</ComponentIndustrial>
        </costList>
        <placeWorkers>
            <li>PlaceWorker_PreventInteractionSpotOverlap</li>
        </placeWorkers>
        <socialPropernessMatters>true</socialPropernessMatters>
        <interactionCellOffset>(0,0,-1)</interactionCellOffset>
        <hasInteractionCell>true</hasInteractionCell>
        <terrainAffordanceNeeded>Heavy</terrainAffordanceNeeded>
        <designationCategory>Production</designationCategory>
        <constructEffect>ConstructMetal</constructEffect>
        <designationHotKey>Misc6</designationHotKey>
        <canOverlapZones>false</canOverlapZones>
        <constructionSkillPrerequisite>8</constructionSkillPrerequisite>
        <researchPrerequisites>
            <li>COMIGO_CompactPasteDispenser</li>
        </researchPrerequisites>
    </ThingDef>

    <!-- - - - - - - - - - -  - - -  - - -->
    <!-- Advanced nutrient paste dispenser -->
    <!-- - - - - - - - - - -  - - -  - - -->
    <ThingDef ParentName="BuildingBase">
        <defName>COMIGO_AdvancedNutrientPasteDispenser</defName>
        <label>Advanced nutrient paste dispenser</label>
        <description>A machine that synthesizes edible nutrient paste from organic feedstocks placed in adjacent hoppers. This model consumes less ingredients, thanks to its advanced components and our research in dietology. The device consumes a lot of power.</description>
        <thingClass>Building_NutrientPasteDispenser</thingClass>
        <graphicData>
            <texPath>Things/Building/Production/AdvancedNutrientDispenser</texPath>
            <graphicClass>Graphic_Multi</graphicClass>
            <drawSize>(3,3)</drawSize>
            <damageData>
                <rect>(0.02,0.25,2.96,2.85)</rect>
                <cornerTL>Damage/Corner</cornerTL>
                <cornerTR>Damage/Corner</cornerTR>
            </damageData>
        </graphicData>
        <altitudeLayer>Building</altitudeLayer>
        <passability>Impassable</passability>
        <blockWind>true</blockWind>
        <fillPercent>1</fillPercent>
        <castEdgeShadows>true</castEdgeShadows>
        <staticSunShadowHeight>0.20</staticSunShadowHeight>
        <statBases>
            <WorkToBuild>4000</WorkToBuild>
            <MaxHitPoints>250</MaxHitPoints>
            <Flammability>0.5</Flammability>
        </statBases>
        <building>
            <isMealSource>true</isMealSource>
            <wantsHopperAdjacent>true</wantsHopperAdjacent>
            <nutritionCostPerDispense>0.25</nutritionCostPerDispense>
            <soundDispense>DispensePaste</soundDispense>
            <forceShowRoomStats>true</forceShowRoomStats>
            <buildingTags>
                <li>Production</li>
            </buildingTags>
            <destroySound>BuildingDestroyed_Metal_Big</destroySound>
        </building>
        <comps>
            <li Class="CompProperties_Power">
                <compClass>CompPowerTrader</compClass>
                <basePowerConsumption>1200</basePowerConsumption>
            </li>
            <li Class="CompProperties_Flickable" />
            <li Class="CompProperties_Breakdownable" />
        </comps>
        <size>(3,3)</size>
        <costList>
            <Steel>100</Steel>
            <Plasteel>100</Plasteel>
            <ComponentIndustrial>4</ComponentIndustrial>
            <ComponentSpacer>8</ComponentSpacer>
        </costList>
        <placeWorkers>
            <li>PlaceWorker_PreventInteractionSpotOverlap</li>
        </placeWorkers>
        <socialPropernessMatters>true</socialPropernessMatters>
        <interactionCellOffset>(0,0,-2)</interactionCellOffset>
        <hasInteractionCell>true</hasInteractionCell>
        <terrainAffordanceNeeded>Heavy</terrainAffordanceNeeded>
        <designationCategory>Production</designationCategory>
        <constructEffect>ConstructMetal</constructEffect>
        <designationHotKey>Misc6</designationHotKey>
        <canOverlapZones>false</canOverlapZones>
        <constructionSkillPrerequisite>8</constructionSkillPrerequisite>
        <researchPrerequisites>
            <li>COMIGO_AdvancedPasteDispenser</li>
        </researchPrerequisites>
    </ThingDef>

    <!-- - - - - - - - - - -  - - -  - - -->
    <!-- In-wall nutrient paste dispenser -->
    <!-- - - - - - - - - - -  - - -  - - -->
    <ThingDef ParentName="BuildingBase">
        <defName>COMIGO_InWallNutrientPasteDispenser</defName>
        <label>in-wall nutrient paste dispenser</label>
        <description>A machine that synthesizes edible nutrient paste from organic feedstocks placed in adjacent hoppers. This model consumes a bit more food than its larger analogues, but can be mounted in place of a wall segment. Still as gross, and perfect for feeding prisoners!</description>
        <thingClass>Building_NutrientPasteDispenser</thingClass>
        <graphicData>
            <texPath>Things/Building/Production/TinyNutrientDispenser</texPath>
            <graphicClass>Graphic_Single</graphicClass>
            <drawSize>(1,1)</drawSize>
            <damageData>
                <rect>(0.02,0.25,2.96,2.85)</rect>
                <cornerTL>Damage/Corner</cornerTL>
                <cornerTR>Damage/Corner</cornerTR>
            </damageData>
        </graphicData>
        <castEdgeShadows>true</castEdgeShadows>
        <staticSunShadowHeight>1</staticSunShadowHeight>
        <altitudeLayer>Building</altitudeLayer>
        <passability>Impassable</passability>
        <blockWind>true</blockWind>
        <fillPercent>1</fillPercent>
        <statBases>
            <WorkToBuild>2500</WorkToBuild>
            <MaxHitPoints>90</MaxHitPoints>
            <Flammability>0.5</Flammability>
        </statBases>
        <building>
            <isMealSource>true</isMealSource>
            <wantsHopperAdjacent>true</wantsHopperAdjacent>
            <nutritionCostPerDispense>0.4</nutritionCostPerDispense>
            <soundDispense>DispensePaste</soundDispense>
            <forceShowRoomStats>true</forceShowRoomStats>
            <buildingTags>
                <li>Production</li>
            </buildingTags>
            <destroySound>BuildingDestroyed_Metal_Small</destroySound>
        </building>
        <comps>
            <li Class="CompProperties_Power">
                <compClass>CompPowerTrader</compClass>
                <basePowerConsumption>75</basePowerConsumption>
            </li>
            <li Class="CompProperties_Flickable" />
            <li Class="CompProperties_Breakdownable" />
        </comps>
        <size>(1,1)</size>
        <costList>
            <Steel>30</Steel>
            <ComponentIndustrial>4</ComponentIndustrial>
        </costList>
        <placeWorkers>
            <li>PlaceWorker_PreventInteractionSpotOverlap</li>
        </placeWorkers>
        <socialPropernessMatters>true</socialPropernessMatters>
        <interactionCellOffset>(0,0,-1)</interactionCellOffset>
        <hasInteractionCell>true</hasInteractionCell>
        <designationCategory>Production</designationCategory>
        <constructEffect>ConstructMetal</constructEffect>
        <designationHotKey>Misc6</designationHotKey>
        <canOverlapZones>false</canOverlapZones>
        <constructionSkillPrerequisite>8</constructionSkillPrerequisite>
        <researchPrerequisites>
            <li>COMIGO_InWallPasteDispenser</li>
        </researchPrerequisites>
    </ThingDef>

    <!-- - - - - - - - - -  - - -->
    <!-- Nutrient archodispenser -->
    <!-- - - - - - - - - -  - - -->
    <ThingDef ParentName="BuildingBase">
        <defName>COMIGO_NutrientArchoDispenser</defName>
        <label>nutrient archodispenser</label>
        <description>An ancient but untouched machine previously gifted to some advanced colony. It somehow manipulates food matter in weird ways to extract all the minerals, vitamins, and proteins into a meal, consuming ridiculously low amount of matter. A red eye seems to scan humanoids to provide a balanced meal designed for each particular user. If you look inside, you can see how food matter flows — or flies?! — and reforms into a green… disgusting… paste. Consumes a questionable amount of power.</description>
        <thingClass>Building_NutrientPasteDispenser</thingClass>
        <tickerType>Normal</tickerType>
        <graphicData>
            <texPath>Things/Building/Production/NutrientArchoDispenser</texPath>
            <graphicClass>Graphic_Multi</graphicClass>
            <drawSize>(3,3)</drawSize>
            <damageData>
                <rect>(0.02,0.25,2.96,2.85)</rect>
                <cornerTL>Damage/Corner</cornerTL>
                <cornerTR>Damage/Corner</cornerTR>
            </damageData>
        </graphicData>
        <altitudeLayer>Building</altitudeLayer>
        <passability>Impassable</passability>
        <blockWind>true</blockWind>
        <fillPercent>1</fillPercent>
        <castEdgeShadows>true</castEdgeShadows>
        <staticSunShadowHeight>0.20</staticSunShadowHeight>
        <statBases>
            <!-- Thicc and expensive -->
            <MarketValue>5000</MarketValue>
            <Mass>300</Mass>
            <MaxHitPoints>1000</MaxHitPoints>
            <Flammability>0</Flammability>
        </statBases>
        <!-- Have to make it movable, welp -->
        <minifiedDef>MinifiedThing</minifiedDef>
        <building>
            <isMealSource>true</isMealSource>
            <wantsHopperAdjacent>true</wantsHopperAdjacent>
            <nutritionCostPerDispense>0.2</nutritionCostPerDispense>
            <soundDispense>DispensePaste</soundDispense>
            <forceShowRoomStats>true</forceShowRoomStats>
            <buildingTags>
                <li>Production</li>
            </buildingTags>
            <destroySound>BuildingDestroyed_Metal_Big</destroySound>
            <!-- Let's add a droner, bc why not -->
            <soundAmbient>CrashedShipPart_Ambience</soundAmbient>
        </building>
        <comps>
            <li Class="CompProperties_Power">
                <compClass>CompPowerTrader</compClass>
                <basePowerConsumption>3600</basePowerConsumption>
            </li>
            <li Class="CompProperties_Glower">
                <glowRadius>5</glowRadius>
                <glowColor>(227,233,168,0)</glowColor>
            </li>
            <!-- I am a monster -->
            <li Class="CompProperties_Explosive">
                <wickTicks>1200</wickTicks>
                <explosiveRadius>15</explosiveRadius>
                <explosiveDamageType>Bomb</explosiveDamageType>
            </li>
            <li Class="CompProperties_Flickable" />
        </comps>
        <size>(3,3)</size>
        <costList>
            <Steel>250</Steel>
            <Plasteel>350</Plasteel>
            <ComponentSpacer>25</ComponentSpacer>
            <AIPersonaCore>1</AIPersonaCore>
        </costList>
        <placeWorkers>
            <li>PlaceWorker_PreventInteractionSpotOverlap</li>
        </placeWorkers>
        <socialPropernessMatters>true</socialPropernessMatters>
        <interactionCellOffset>(0,0,-2)</interactionCellOffset>
        <hasInteractionCell>true</hasInteractionCell>
        <terrainAffordanceNeeded>Heavy</terrainAffordanceNeeded>
        <constructEffect>ConstructMetal</constructEffect>
        <canOverlapZones>false</canOverlapZones>
        <constructionSkillPrerequisite>21</constructionSkillPrerequisite>
        <!-- Makes it special -->
        <thingSetMakerTags>
            <li>RewardStandardLowFreq</li>
        </thingSetMakerTags>
        <tradeability>Sellable</tradeability>
        <tradeTags>
            <li>ExoticBuilding</li>
        </tradeTags>
        <thingCategories>
            <li>BuildingsSpecial</li>
        </thingCategories>
    </ThingDef>
</Defs>