<?xml version="1.0" encoding="utf-8"?>
<Defs>
    <ThingDef ParentName="BenchBase">
        <defName>COMIGO_PortableChemfuelStove</defName>
        <label>portable chemfuel stove</label>
        <description>A lightweight stove that can be placed on a table or other working surface, or be placed directly on floor if needed. It can be used to cook simple and fine meals while consuming chemfuel. Perfect for caravans and pre-industrial settlers. Explodes on damage.</description>
        <thingClass>Building_WorkTable_HeatPush</thingClass>
        <drawerType>MapMeshAndRealTime</drawerType>
        <graphicData>
            <texPath>Things/Building/Production/ChemfuelPortableStove</texPath>
            <graphicClass>Graphic_Multi</graphicClass>
            <drawSize>(1,1)</drawSize>
            <damageData>
                <cornerTL>Damage/Corner</cornerTL>
                <cornerTR>Damage/Corner</cornerTR>
                <cornerBL>Damage/Corner</cornerBL>
                <cornerBR>Damage/Corner</cornerBR>
            </damageData>
        </graphicData>
        <constructEffect>ConstructMetal</constructEffect>
        <costList>
            <Steel>50</Steel>
            <ComponentIndustrial>1</ComponentIndustrial>
            <Chemfuel>25</Chemfuel>
        </costList>
        <surfaceType>Item</surfaceType>
        <clearBuildingArea>false</clearBuildingArea>
        <altitudeLayer>BuildingOnTop</altitudeLayer>
        <terrainAffordanceNeeded>Light</terrainAffordanceNeeded>
        <fillPercent>0.2</fillPercent>
        <useHitPoints>True</useHitPoints>
        <statBases>
            <WorkToBuild>2000</WorkToBuild>
            <MaxHitPoints>60</MaxHitPoints>
            <Flammability>1.0</Flammability>
            <WorkTableWorkSpeedFactor>0.7</WorkTableWorkSpeedFactor>
            <Mass>10</Mass>
        </statBases>
        <tickerType>Normal</tickerType>
        <size>(1,1)</size>
        <designationCategory>Production</designationCategory>
        <passability>PassThroughOnly</passability>
        <pathCost>25</pathCost>
        <hasInteractionCell>True</hasInteractionCell>
        <interactionCellOffset>(0,0,-1)</interactionCellOffset>
        <!--<recipes>
            <li>CookMealSimple</li>
            <li>CookMealFine</li>
            <li>CookMealFine_Veg</li>
            <li>CookMealFine_Meat</li>
            <li>CookMealSimpleBulk</li>
            <li>CookMealFineBulk</li>
            <li>CookMealFineBulk_Veg</li>
            <li>CookMealFineBulk_Meat</li>
        </recipes>-->
        <modExtensions>
            <li Class="ComigosMiniaturization.ThingDefExtension">
                <inheritRecipesFrom>
                    <li>ElectricStove</li>
                </inheritRecipesFrom>
                <disallowedRecipes>
                    <li>CookMealLavish</li>
                    <li>CookMealLavish_Veg</li>
                    <li>CookMealLavish_Meat</li>
                    <li>CookMealSurvival</li>
                    <li>CookMealLavishBulk</li>
                    <li>CookMealLavishBulk_Veg</li>
                    <li>CookMealLavishBulk_Meat</li>
                    <li>CookMealSurvivalBulk</li>
                    <li MayRequire="VanillaExpanded.VCookE">VCE_CookBakeLavish</li>
                    <li MayRequire="VanillaExpanded.VCookE">VCE_CookBakeLavishBulk</li>
                    <li MayRequire="VanillaExpanded.VCookE">VCE_CookBakeGourmet</li>
                    <li MayRequire="VanillaExpanded.VCookE">VCE_CookDessertLavish</li>
                    <li MayRequire="VanillaExpanded.VCookE">VCE_CookDessertLavishBulk</li>
                    <li MayRequire="VanillaExpanded.VCookE">VCE_CookDessertGourmet</li>
                    <li MayRequire="VanillaExpanded.VCookE">VCE_CookGrillLavish</li>
                    <li MayRequire="VanillaExpanded.VCookE">VCE_CookGrillLavishhBulk</li>
                    <li MayRequire="VanillaExpanded.VCookE">VCE_CookGrillGourmet</li>
                    <li MayRequire="VanillaExpanded.VCookE">VCE_CookMealGourmet</li>
                    <li MayRequire="VanillaExpanded.VCookE">VCE_CookSoupLavish</li>
                    <li MayRequire="VanillaExpanded.VCookE">VCE_CookSoupGourmet</li>
                    <li MayRequire="VanillaExpanded.VCookEStews">VCE_CookStewLavish</li>
                </disallowedRecipes>
                <!-- <allowedProductFilter></allowedProductFilter>
                <disallowedProductFilter></disallowedProductFilter>
                <allowedRecipes></allowedRecipes>-->
            </li>
        </modExtensions>
        <inspectorTabs>
            <li>ITab_Bills</li>
        </inspectorTabs>
        <comps>
            <li Class="CompProperties_Explosive">
                <wickTicks>240</wickTicks>
                <explosiveRadius>3.9</explosiveRadius>
                <explosiveDamageType>Flame</explosiveDamageType>
                <chanceNeverExplodeFromDamage>0.5</chanceNeverExplodeFromDamage>
            </li>
            <li Class="CompProperties_Refuelable">
                <fuelConsumptionRate>60.0</fuelConsumptionRate>
                <fuelCapacity>25</fuelCapacity>
                <initialFuelPercent>1</initialFuelPercent>
                <autoRefuelPercent>0.5</autoRefuelPercent>
                <fuelFilter>
                    <thingDefs>
                        <li>Chemfuel</li>
                    </thingDefs>
                </fuelFilter>
                <consumeFuelOnlyWhenUsed>true</consumeFuelOnlyWhenUsed>
                <showAllowAutoRefuelToggle>true</showAllowAutoRefuelToggle>
            </li>
            <li Class="CompProperties_HeatPusher">
                <compClass>CompHeatPusherPowered</compClass>
                <heatPerSecond>4</heatPerSecond>
            </li>
        </comps>
        <placeWorkers>
            <li>PlaceWorker_PreventInteractionSpotOverlap</li>
            <li>PlaceWorker_ReportWorkSpeedPenalties</li>
        </placeWorkers>
        <building>
            <isMealSource>true</isMealSource>
            <isEdifice>false</isEdifice>
            <spawnedConceptLearnOpportunity>BillsTab</spawnedConceptLearnOpportunity>
            <heatPerTickWhileWorking>0.10</heatPerTickWhileWorking>
            <canPlaceOverImpassablePlant>false</canPlaceOverImpassablePlant>
        </building>
        <constructionSkillPrerequisite>4</constructionSkillPrerequisite>
        <researchPrerequisites>
            <li>COMIGO_PortableChemfuelStove_Research</li>
        </researchPrerequisites>
    </ThingDef>
</Defs>