<?xml version="1.0" encoding="utf-8"?>
<Defs>

    <!-- Smaller butchery -->
    <ThingDef ParentName="BenchBase">
        <defName>COMIGO_SmallerButcherTable</defName>
        <label>smaller butcher table</label>
        <description>A heavy table for butchering dead creatures into pieces of raw meat. Knives and cleavers hang from a series of small hooks, with a pair of larger ones to hook larger animals.</description>
        <thingClass>Building_WorkTable</thingClass>
        <graphicData>
            <texPath>Things/Building/Production/SmallerButcherTable</texPath>
            <graphicClass>Graphic_Multi</graphicClass>
            <drawSize>(2.5,1.5)</drawSize>
            <damageData>
                <cornerTL>Damage/Corner</cornerTL>
                <cornerTR>Damage/Corner</cornerTR>
                <cornerBL>Damage/Corner</cornerBL>
                <cornerBR>Damage/Corner</cornerBR>
            </damageData>
        </graphicData>
        <castEdgeShadows>true</castEdgeShadows>
        <staticSunShadowHeight>0.30</staticSunShadowHeight>
        <costStuffCount>65</costStuffCount>
        <costList>
            <Steel>25</Steel>
        </costList>
        <stuffCategories>
            <li>Metallic</li>
            <li>Woody</li>
        </stuffCategories>
        <altitudeLayer>Building</altitudeLayer>
        <fillPercent>0.5</fillPercent>
        <useHitPoints>True</useHitPoints>
        <statBases>
            <WorkToBuild>1700</WorkToBuild>
            <MaxHitPoints>120</MaxHitPoints>
            <Flammability>1.0</Flammability>
            <Cleanliness>-15</Cleanliness>
            <WorkTableWorkSpeedFactor>0.75</WorkTableWorkSpeedFactor>
            <Mass>30</Mass>
        </statBases>
        <constructionSkillPrerequisite>5</constructionSkillPrerequisite>
        <size>(2,1)</size>
        <designationCategory>Production</designationCategory>
        <passability>PassThroughOnly</passability>
        <pathCost>75</pathCost>
        <hasInteractionCell>True</hasInteractionCell>
        <interactionCellOffset>(0,0,-1)</interactionCellOffset>
        <surfaceType>Item</surfaceType>
        <terrainAffordanceNeeded>Heavy</terrainAffordanceNeeded>
        <!-- <recipes>
            <li>ButcherCorpseFlesh</li>
            <li>Make_Kibble</li>
        </recipes> -->
        <modExtensions>
            <li Class="ComigosMiniaturization.ThingDefExtension">
                <inheritRecipesFrom>
                    <li>TableButcher</li>
                </inheritRecipesFrom>
                <!-- <allowedProductFilter></allowedProductFilter>
                <disallowedProductFilter></disallowedProductFilter>
                <allowedRecipes></allowedRecipes>
                <disallowedRecipes></disallowedRecipes> -->
            </li>
        </modExtensions>
        <inspectorTabs>
            <li>ITab_Bills</li>
        </inspectorTabs>
        <building>
            <spawnedConceptLearnOpportunity>BillsTab</spawnedConceptLearnOpportunity>
        </building>
        <comps>
            <li Class="CompProperties_AffectedByFacilities">
                <linkableFacilities>
                    <li>ToolCabinet</li>
                </linkableFacilities>
            </li>
        </comps>
        <designationHotKey>Misc3</designationHotKey>
        <placeWorkers>
            <li>PlaceWorker_ShowFacilitiesConnections</li>
            <li>PlaceWorker_PreventInteractionSpotOverlap</li>
            <li>PlaceWorker_ReportWorkSpeedPenalties</li>
        </placeWorkers>
        <researchPrerequisites>
            <li>COMIGO_SmallerButcherTableResearch</li>
        </researchPrerequisites>
    </ThingDef>


    <!-- Cutting board -->
    <ThingDef ParentName="BenchBase">
        <thingClass>Building_WorkTable</thingClass>
        <defName>COMIGO_CuttingBoard</defName>
        <label>cutting board</label>
        <description>A board with some knives and cleavers to butcher animals more efficiently. Due to the lack of space, butchering takes more time and yields a bit less resources than with a larger table. Can be put on tables. Doesn't benefit from tool cabinets.</description>
        <costStuffCount>30</costStuffCount>
        <costList>
            <Steel>20</Steel>
        </costList>
        <stuffCategories>
            <li>Metallic</li>
            <li>Woody</li>
            <li>Stony</li>
        </stuffCategories>
        <fillPercent>0.5</fillPercent>
        <useHitPoints>True</useHitPoints>
        <statBases>
            <WorkToBuild>500</WorkToBuild>
            <MaxHitPoints>15</MaxHitPoints>
            <Flammability>1.0</Flammability>
            <Cleanliness>-10</Cleanliness>
            <WorkTableWorkSpeedFactor>0.65</WorkTableWorkSpeedFactor>
            <WorkTableEfficiencyFactor>0.9</WorkTableEfficiencyFactor>
            <Mass>5</Mass>
        </statBases>
        <designationCategory>Production</designationCategory>
        <passability>PassThroughOnly</passability>
        <pathCost>25</pathCost>
        <!--<recipes>
            <li>ButcherCorpseFlesh</li>
        </recipes>-->
        <modExtensions>
            <li Class="ComigosMiniaturization.ThingDefExtension">
                <inheritRecipesFrom>
                    <li>ButcherSpot</li>
                </inheritRecipesFrom>
                <!-- <allowedProductFilter></allowedProductFilter>
                <disallowedProductFilter></disallowedProductFilter>
                <allowedRecipes></allowedRecipes>
                <disallowedRecipes></disallowedRecipes> -->
            </li>
        </modExtensions>
        <inspectorTabs>
            <li>ITab_Bills</li>
        </inspectorTabs>
        <building>
            <spawnedConceptLearnOpportunity>BillsTab</spawnedConceptLearnOpportunity>
            <canPlaceOverImpassablePlant>false</canPlaceOverImpassablePlant>
            <isEdifice>false</isEdifice>
            <buildingTags>
              <li>Production</li>
            </buildingTags>
        </building>
        <constructionSkillPrerequisite>3</constructionSkillPrerequisite>
        <size>(1,1)</size>
        <hasInteractionCell>True</hasInteractionCell>
        <interactionCellOffset>(0,0,-1)</interactionCellOffset>
        <surfaceType>Item</surfaceType>
        <clearBuildingArea>false</clearBuildingArea>
        <altitudeLayer>BuildingOnTop</altitudeLayer>
        <terrainAffordanceNeeded>Light</terrainAffordanceNeeded>
        <graphicData>
            <texPath>Things/Building/Production/ButcherBoard</texPath>
            <graphicClass>Graphic_Single</graphicClass>
            <drawSize>(1,1)</drawSize>
            <damageData>
                <cornerTL>Damage/Corner</cornerTL>
                <cornerTR>Damage/Corner</cornerTR>
                <cornerBL>Damage/Corner</cornerBL>
                <cornerBR>Damage/Corner</cornerBR>
            </damageData>
        </graphicData>
        <designationHotKey>Misc3</designationHotKey>
        <placeWorkers>
            <li>PlaceWorker_PreventInteractionSpotOverlap</li>
            <li>PlaceWorker_ReportWorkSpeedPenalties</li>
        </placeWorkers>
        <researchPrerequisites>
            <li>COMIGO_CuttingBoardResearch</li>
        </researchPrerequisites>
    </ThingDef>

</Defs>