<?xml version="1.0" encoding="utf-8"?>
<Defs>

    <ThingDef ParentName="BenchBase">
        <defName>COMIGO_SmallerElectricStove</defName>
        <label>smaller electric stove</label>
        <description>A compact electrically-powered stove with an attached countertop for preparing meals.</description>
        <thingClass>Building_WorkTable_HeatPush</thingClass>
        <graphicData>
            <texPath>Things/Building/Production/SmallerCookingStove</texPath>
            <graphicClass>Graphic_Multi</graphicClass>
            <drawSize>(2.5,1.5)</drawSize>
        </graphicData>
        <castEdgeShadows>true</castEdgeShadows>
        <staticSunShadowHeight>0.20</staticSunShadowHeight>
        <constructEffect>ConstructMetal</constructEffect>
        <costList>
            <Steel>75</Steel>
            <ComponentIndustrial>3</ComponentIndustrial>
        </costList>
        <altitudeLayer>Building</altitudeLayer>
        <fillPercent>0.5</fillPercent>
        <useHitPoints>True</useHitPoints>
        <statBases>
            <WorkToBuild>2500</WorkToBuild>
            <MaxHitPoints>150</MaxHitPoints>
            <Flammability>0.75</Flammability>
            <WorkTableWorkSpeedFactor>0.9</WorkTableWorkSpeedFactor>
        </statBases>
        <size>(2,1)</size>
        <designationCategory>Production</designationCategory>
        <passability>PassThroughOnly</passability>
        <pathCost>50</pathCost>
        <hasInteractionCell>True</hasInteractionCell>
        <interactionCellOffset>(1,0,-1)</interactionCellOffset>
        <surfaceType>Item</surfaceType>
        <constructionSkillPrerequisite>4</constructionSkillPrerequisite>
        <modExtensions>
            <li Class="ComigosMiniaturization.ThingDefExtension">
                <inheritRecipesFrom>
                    <li>ElectricStove</li>
                </inheritRecipesFrom>
                <!-- <allowedProductFilter></allowedProductFilter>
                <disallowedProductFilter></disallowedProductFilter>
                <allowedRecipes></allowedRecipes>
                <disallowedRecipes></disallowedRecipes> -->
            </li>
        </modExtensions>
        <inspectorTabs>
            <li>ITab_Bills</li>
        </inspectorTabs>
        <comps>
            <li Class="CompProperties_Power">
                <compClass>CompPowerTrader</compClass>
                <shortCircuitInRain>true</shortCircuitInRain>
                <basePowerConsumption>300</basePowerConsumption>
            </li>
            <li Class="CompProperties_Flickable" />
            <li Class="CompProperties_Breakdownable" />
            <li Class="CompProperties_HeatPusher">
                <compClass>CompHeatPusherPowered</compClass>
                <heatPerSecond>3</heatPerSecond>
            </li>
        </comps>
        <building>
            <isMealSource>true</isMealSource>
            <spawnedConceptLearnOpportunity>BillsTab</spawnedConceptLearnOpportunity>
            <heatPerTickWhileWorking>0.10</heatPerTickWhileWorking>
        </building>
        <designationHotKey>Misc8</designationHotKey>
        <placeWorkers>
            <li>PlaceWorker_PreventInteractionSpotOverlap</li>
        </placeWorkers>
        <researchPrerequisites>
            <li>COMIGO_CompactCookingStovesResearch</li>
        </researchPrerequisites>
    </ThingDef>

</Defs>